{
  "ars_properties" : {
    "tags" : [ "#launchable" ]
  },
  "ars_public" : false,
  "ars_relationships" : [ ],
  "controllers" : {
    "client" : { },
    "dataStream" : {
      "ce_listContainers" : { }
    },
    "page" : {
      "Start" : {
        "onStart" : "RELOCATED to controllers/page/Start/onStart.js"
      }
    }
  },
  "isComponent" : false,
  "isLaunchable" : true,
  "models" : {
    "dataObjects" : {
      "__GLOBAL__" : {
        "properties" : { }
      },
      "__PARAMETERS__" : {
        "properties" : { }
      }
    },
    "dataStreams" : [ {
      "advancedWhereClause" : null,
      "dataObjectName" : null,
      "dataTypeList" : [ {
        "label" : null,
        "type" : "listContainers"
      } ],
      "isDeleteOp" : false,
      "isInsertOp" : false,
      "isUpdateOp" : false,
      "maxRecords" : 0,
      "name" : "ce_listContainers",
      "pauseAtStartup" : false,
      "property" : null,
      "sortByProperty" : null,
      "sortDescending" : false,
      "type" : 5,
      "updateInterval" : 60,
      "uuid" : "ae09760c-5951-4b37-af1f-eac640873b90",
      "v" : 1
    } ]
  },
  "name" : "DockerMonitor",
  "options" : {
    "RELOCATE" : [ {
      "path" : "controllers",
      "type" : "js"
    }, {
      "path" : "views",
      "type" : "json"
    } ],
    "activeTab" : "edit",
    "badgeCount" : 0,
    "componentConfiguration" : {
      "configurationProperties" : [ ]
    },
    "description" : "",
    "docAssets" : [ "Docker.js" ],
    "jsAssets" : [ "../../docs/Docker.js" ],
    "productV" : "7.7i",
    "showCategoryButtons" : true,
    "showCategoryDataDisplay" : true,
    "showCategoryDataInput" : true,
    "showCategoryLayout" : true,
    "showGridWhileEditing" : false,
    "theme" : {
      "backgroundColor" : "#ffffff",
      "borderColor" : "#8b572a",
      "cardAccentColor" : "#8b572a",
      "cardColor" : "#fee3b7",
      "dataDisplayColor" : "#ffffff",
      "dataDisplayColors" : [ "#3cbce1", "#996db8", "#86d557", "#ff9800", "#425b71", "#cc467c", "#01aa93", "#ffca28", "#f583a9", "#1c84d4", "#ff6767", "#4caf50" ],
      "dataInputColor" : "#ffffff",
      "foregroundColor" : "#8b572a",
      "label" : "Custom",
      "name" : "custom",
      "titleBarColor" : "#fee3b7",
      "titleForegroundColor" : "#1f1d17",
      "v" : 3
    },
    "v" : 5
  },
  "resourceBinding" : {
    "requiredResources" : [ {
      "resource" : "topics",
      "resourceId" : "/my/response/topic",
      "type" : "publishes"
    } ]
  },
  "targetDevice" : "all",
  "userList" : [ ],
  "views" : {
    "Start" : "RELOCATED to views/Start.json"
  }
}