{
  "ars_relationships" : [ ],
  "links" : [ {
    "source" : "services/Docker",
    "target" : "procedure/Docker.getDiskUsage"
  }, {
    "source" : "services/Docker",
    "target" : "procedure/Docker.listContainers"
  }, {
    "source" : "services/Docker",
    "target" : "procedure/Docker.getStats"
  }, {
    "source" : "procedure/Docker.listContainers",
    "target" : "source/DockerAPI"
  }, {
    "source" : "procedure/Docker.listContainers",
    "target" : "procedure/Docker.getStats"
  }, {
    "source" : "procedure/Docker.listContainers",
    "target" : "procedure/Docker.getDiskUsage"
  }, {
    "source" : "procedure/Docker.listContainers",
    "target" : "services/Docker"
  }, {
    "source" : "procedure/Docker.getStats",
    "target" : "source/DockerAPI"
  }, {
    "source" : "procedure/Docker.getStats",
    "target" : "services/Docker"
  }, {
    "source" : "procedure/Docker.getDiskUsage",
    "target" : "source/DockerAPI"
  }, {
    "source" : "procedure/Docker.getDiskUsage",
    "target" : "services/Docker"
  }, {
    "source" : "client/DockerMonitor",
    "target" : "topic//my/response/topic"
  } ],
  "name" : "DockerMonitor",
  "options" : {
    "description" : "",
    "dockCollapsed" : {
      "bottom" : true,
      "left" : false,
      "right" : false,
      "top" : false,
      "viewtabs" : false
    },
    "dockDimensions" : {
      "bottom" : 203,
      "debug" : [ 503.55430528375734, 1029.4456947162425 ],
      "left" : 210,
      "right" : 220,
      "top" : 0,
      "viewtabs" : 0
    },
    "dockSort" : 1,
    "filterBitArray" : "ffffffffffffffffffffffffffffffff",
    "isModeloProject" : true,
    "layoutStyle" : "tile",
    "openFolders" : [ "services", "client", "type" ],
    "rootViewFlavor" : 1,
    "showGrid" : true,
    "tileColumns" : 2,
    "tileRows" : 1,
    "type" : "dev",
    "v" : 4,
    "viewUUID" : "MAINVIEW"
  },
  "resources" : [ {
    "name" : "/my/response/topic",
    "resourceReference" : "/topics//my/response/topic",
    "type" : 10
  }, {
    "name" : "Docker",
    "resourceReference" : "/system.services/Docker",
    "timestamp" : "2022-01-25T18:34:11.199Z",
    "type" : 63
  }, {
    "name" : "Docker.getDiskUsage",
    "procedureName" : "getDiskUsage",
    "resourceReference" : "/procedures/Docker.getDiskUsage",
    "serviceName" : "Docker",
    "timestamp" : "2022-01-25T20:36:46.354Z",
    "type" : 3
  }, {
    "name" : "Docker.getStats",
    "procedureName" : "getStats",
    "resourceReference" : "/procedures/Docker.getStats",
    "serviceName" : "Docker",
    "timestamp" : "2022-01-25T19:19:45.025Z",
    "type" : 3
  }, {
    "name" : "Docker.listContainers",
    "procedureName" : "listContainers",
    "resourceReference" : "/procedures/Docker.listContainers",
    "serviceName" : "Docker",
    "timestamp" : "2022-01-25T20:36:25.090Z",
    "type" : 3
  }, {
    "name" : "DockerAPI",
    "resourceReference" : "/sources/DockerAPI",
    "timestamp" : "2022-01-25T18:37:38.288Z",
    "type" : 4
  }, {
    "name" : "DockerMonitor",
    "resourceReference" : "/system.clients/DockerMonitor",
    "timestamp" : "2022-01-25T20:37:22.566Z",
    "type" : 15
  }, {
    "name" : "listContainers",
    "resourceReference" : "/types/listContainers",
    "timestamp" : "2022-01-25T20:33:31.666Z",
    "type" : 1
  } ],
  "tools" : [ {
    "isPinned" : false,
    "name" : "DockerMonitor",
    "pane" : {
      "c" : 0,
      "r" : 0
    },
    "resourceKey" : "client/DockerMonitor",
    "state" : 2,
    "type" : 63
  }, {
    "isPinned" : false,
    "name" : "Errors",
    "type" : 13
  }, {
    "dockLocation" : "top",
    "isPinned" : false,
    "name" : "Inactive Panes",
    "type" : 99
  }, {
    "isPinned" : false,
    "name" : "Log Messages",
    "type" : 12
  }, {
    "isPinned" : false,
    "name" : "Project Contents",
    "type" : 2
  } ],
  "type" : "dev",
  "views" : [ {
    "name" : "Project Contents",
    "projectToolKeys" : [ "client/DockerMonitor", "errorviewer/Errors", "tiledock/Inactive Panes", "logviewer/Log Messages", "list/Project Contents" ]
  } ]
}